"train/global_step","togethercomputer/Meta-Llama-3.1-8B-Instruct-Reference__TOG__FT-ft-dfe1160d-881e-4202-93f9-3cb788e15c1b - _step","togethercomputer/Meta-Llama-3.1-8B-Instruct-Reference__TOG__FT-ft-dfe1160d-881e-4202-93f9-3cb788e15c1b - _step__MIN","togethercomputer/Meta-Llama-3.1-8B-Instruct-Reference__TOG__FT-ft-dfe1160d-881e-4202-93f9-3cb788e15c1b - _step__MAX","togethercomputer/Meta-Llama-3.1-8B-Instruct-Reference__TOG__FT-ft-dfe1160d-881e-4202-93f9-3cb788e15c1b - eval/loss","togethercomputer/Meta-Llama-3.1-8B-Instruct-Reference__TOG__FT-ft-dfe1160d-881e-4202-93f9-3cb788e15c1b - eval/loss__MIN","togethercomputer/Meta-Llama-3.1-8B-Instruct-Reference__TOG__FT-ft-dfe1160d-881e-4202-93f9-3cb788e15c1b - eval/loss__MAX"
"15","15","15","15","0.39967605471611023","0.39967605471611023","0.39967605471611023"
"30","31","31","31","0.3821793794631958","0.3821793794631958","0.3821793794631958"
"45","47","47","47","0.37622103095054626","0.37622103095054626","0.37622103095054626"
"60","63","63","63","0.37322893738746643","0.37322893738746643","0.37322893738746643"
"75","79","79","79","0.3712228238582611","0.3712228238582611","0.3712228238582611"
"90","95","95","95","0.37009698152542114","0.37009698152542114","0.37009698152542114"
"105","111","111","111","0.3696526288986206","0.3696526288986206","0.3696526288986206"
"120","127","127","127","0.3692513406276703","0.3692513406276703","0.3692513406276703"